011 44 20 7783 6625 or mike.Wellings@Enron.com
020 7783 7997 or robert.yeo@enron.com
06 PM "Mary Chin" <lanoi@yahoo.com>
10/10/01 <HolyQuest@aol.com>
17 -0500 (EST)	(envelope-from joanieg@blast.net)
40ENRON@ENRON.com] 
<69.1fcf4b4c.29614335@aol.com>
7132850023@page.metrocall.com
(713) 853-7647 or bprice@enron.com
8774887054@skytel.com
abby_elliott <abby_elliott@neimanmarcus.com>
Abel Chris <Chris.Abel@ENRON.com>
Abler Bill <Bill.WRA.Abler@ENRON.com>
'ABMcDonald <abmcdon@yahoo.com>
'ABMcDonald' <abmcdon@yahoo.com>
ABMcDonald <abmcdon@yahoo.com>@ENRON 
abmcdon@yahoo.com
abmcdon@yahoo.com]
> ABMcDon@yahoo.com
ABMcDon@yahoo.com
Abraham Sunil <Sunil.Abraham@ENRON.com>
Access Request for chris.abel@enron.com
Access Request for fran.chang@enron.com
Access Request for israel.estrada@enron.com
Access Request for john.valdes@enron.com
Access Request for kam.keiser@enron.com
Access Request for keith.considine@enron.com
Access Request for maria.van.houten@enron.com
Access Request for nicholas.warner@enron.com
Access Request for samantha.law@enron.com
Access Request for samantha.law@enron.com 
Access Request for shona.wilson@enron.com
Access Request for stacey.w.white@enron.com
Access Request for trudy.sweet@enron.com
Access Request stacey.w.white@enron.com
accthelp@cooltravelassistant.com
adahlke95@yahoo.com
Adams Matthew <Matthew.Adams@ENRON.com>
Ahmed Naveed <Naveed.Ahmed@ENRON.com>
A.k. <A.K.Matheson@ENRON.com>
Al <Al_Miralles@ENRON.net>
Alan <Alan.Chen@ENRON.com>
Alan <Alan.Comnes@ENRON.com>
"'Alan Peters'" <ajpeters@texas.net>
Albert <Al_Miralles@ENRON.net>
Albert <Bert.Meyers@ENRON.com>
Albrecht Kristin <Kristin_Albrecht@ENRON.net>
Aldis Laura <Laura.Aldis@ENRON.com>
alibet1@juno.com
Allan Matthew <matthew.allan@enron.com>
Allen (E-mail) <thresa.allen@enron.com>
Allen Phillip K. <Phillip.K.Allen@ENRON.com>
Allen Thresa A. <Thresa.A.Allen@ENRON.com>
Allison Duncan <allisonduncan@earthlink.net>
Allison John <John.Allison@ENRON.com>
Alonso Tom <Tom.Alonso@ENRON.com>
Amador Susan <Susan.Amador@ENRON.com>
Amanda <Amanda.Curless@ENRON.com>
Amanda <Amanda.Day@ENRON.com>
amanda.hurt@clubcorp.com
Amanda Stewart <amanda@financialdesigngroup.com>
Amanda Stewart <astewart@savitzfieldandfocus.com>
Amber Mills <socce62562@aol.com>
Amie <Amie.AXH.Ha@ENRON.com>
amy.coultas <amy.coultas@us.pwcglobal.com>
Amy Patton (E-mail) <Amy.Patton@onecoast.com>
Anderson Bridgette <Bridgette.Anderson@ENRON.com>
Anderson Diane <Diane.Anderson@ENRON.com>
Anderson John <John.Anderson@ENRON.com>
Andon Wendi <wendi.andon@mirant.com>
Andrea <Andrea.Dahlke@ENRON.com>
Andrea <Andrea.Woodland@ENRON.com>
andrea.young <andrea.young@ey.com>
Andrew <andrew.cornfield@enron.com>
Andrew <Andrew.Parsons@ENRON.com>
Andrew <andrew.wells@enron.com>
Andrews Naveen <Naveen.Andrews@ENRON.com>
Andrew Watson (E-mail) <andrew.watson@ubsw.com>
<Andrew.Watson@ubsw.com>
Andrew.Watson@usbx.com, lilianna.chui@ubsw.com
Andy <Andy.Rodriquez@ENRON.com>
> 	"Angela McDonald" <abmcdon@yahoo.com>
Angela McDonald <amcdonal@eanes.k12.tx.us>
Angela Zumwalt <antsyalways@gvec.net>
Angie Harrington <a.harrington@meritenergy.com>
Anita <Anita.Phelps@ENRON.com>
Anne and Rick Clark <clark96@adelphia.net>
Anne C. <Anne.C.Koehler@ENRON.com>
Anthony <Anthony.Campos@ENRON.com>
Anthony <Anthony.Dayao@ENRON.com>
Apollo Beth <Beth.Apollo@ENRON.com>
Arguijo Cheryl <Cheryl.Arguijo@ENRON.com>
Aronowitz Alan <Alan.Aronowitz@ENRON.com>
Arora Harry <Harry.Arora@ENRON.com>
'ARSystem <ARSystem@mailman.enron.com>
ARSystem <ARSystem@mailman.enron.com>
ARSystem <ARSystem@mailman.enron.com>@ENRON 
ARSystem@mailman.enron.com>] 
Arun <Arun.Balasundaram@ENRON.com>
Arya Sunjay <Sunjay.Arya@ENRON.com>
Assad Sergio <Sergio.Assad@ENRON.com>
Atwood Mechelle <Mechelle.Atwood@ENRON.com>
Aucoin Berney C. <Berney.C.Aucoin@ENRON.com>
Aucoin Evelyn <Evelyn.Aucoin@ENRON.com>
Aunt Bea & Uncle Cecil <train@exprestel.net>
Avs Mallik <Mallik.Avs@ENRON.com>
awolff_@hotmail.com
Ayala Susie <Susie.Ayala@ENRON.com>
Bailey Debra <Debra_Bailey@ENRON.net>
Bailey Robert <Robert.Bailey@ENRON.com>
Bailey Susan <Susan.Bailey@ENRON.com>
bajco@bajco.com
Baker <ctbaker@gvtc.com>
Balasundaram Arun <Arun.Balasundaram@ENRON.com>
Ballinger Ted <Ted.TRB.Ballinger@ENRON.com>
Barbara <Barbara.Lo@ENRON.com>
> 	"Barbie Goetz" <Goetz211@mindspring.com>,
<BarbWLC@aol.com>
Barry <Barry_Pearce@enron.net>
Baughman Edward D. <Edward.Baughman@ENRON.com>
Baughman Edward <Edward.Baughman@ENRON.com>
Baughman Jr. Don <Don.Baughman@ENRON.com>
Baxter Bryce <Bryce.Baxter@ENRON.com>
Becker Lorraine <Lorraine.Becker@ENRON.com>
"Beck, Sally" <Sally.Beck@ENRON.com>,
Beck Sally <Sally.Beck@ENRON.com>
bejules@hotmail.com
Belden Tim <Tim.Belden@ENRON.com>
Ben <Ben.Brasseaux@ENRON.com>
benson03@juno.com]
Benson Goebel <benson03@juno.com>
Benson Goebel <benson03@juno.com>@ENRON 
Benson Robert <Robert.Benson@ENRON.com>
Bentley Corry <Corry.Bentley@ENRON.com>
Berger Michael <michael.berger@ENRON.com>
Bernice <Bernice.Rodriguez@ENRON.com>
Bertha <Bertha.J.Owens@ENRON.com>
Bestard Jose <Jose.Bestard@ENRON.com>
Best John <John.Best@ENRON.com>
Beth.Barrett@ubsw.com
Beth <Beth.Apollo@ENRON.com>
Beth <Beth.Perlman@ENRON.com>
Betsy <betsyboo@bellsouth.net>
bhennessey <bhennessey@ssfrancis.org>
Bilal <Bilal.Bajwa@ENRON.com>
Bill and Mary Covington <covincw1@msn.com>
Bill D. <Bill.D.Hare@ENRON.com>
Bird (Accenture) <stephanie.c.bird@accenture.com>
Bir Marc <Marc.Bir@ENRON.com>
Bishop Serena <Serena.Bishop@ENRON.com>
Bishop Serena <Serena.SNB.Bishop@ENRON.com>
Bjorn <Bjorn.Hagelmann@ENRON.com>
Black Tamara Jae <Tamara.Jae.Black@ENRON.com>
Blake Armstrong (E-mail) <A37@potterminton.com>
Blanchard Georgia <Georgia.Blanchard@ENRON.com>
Bob <Bob.Shults@ENRON.com>
Bob <Bob.Ward@ENRON.com>
Bobby Eberle <bobby.eberle@gopusa.com>
bobby.eberle@gopusa.com
Bob M <Bob.M.Hall@ENRON.com>
bob.shults@enron.com
Bodyshop <Body.Shop@ENRON.com>
Bolt Laurel <Laurel.Bolt@ENRON.com>
Bonnie Barton <barton@tisd.net>
Booth Eric <Eric.Booth@ENRON.com>
Botello Rose <Rose.Botello@ENRON.com>
Boudreaux Lori <Lori.Boudreaux@ENRON.com>
Bowen Jr. Raymond <Raymond.Bowen@ENRON.com>
Bowling Chris <Chris.Bowling@ENRON.com>
Brackett Debbie R. <Debbie.R.Brackett@ENRON.com>
Brad <Brad.Atherton@ENRON.com>
Brad <Brad.Merrell@ENRON.com>
Bradford William S. <William.S.Bradford@ENRON.com>
Bradley Halbach <bhalbach@momentumsoftware.com>
brad.mcdonald@dynegy.com
Brad.Mcdonald@dynegy.com
Brad.Mcdonald@dynegy.com@ENRON 
Brad McDonald (E-mail) <brad.mcdonald@dynegy.com>
Brad Westveld <bmwestveld@sbcglobal.net>
Brandee <Brandee.Jackson@ENRON.com>
Brandon <Brandon.Wax@ENRON.com>
Brandy Smith <Brandy@wblg.com>
Brenda F. <Brenda.F.Herod@ENRON.com>
Brent A. <Brent.A.Price@ENRON.com>
Brent <brent.hennig@bankofamerica.com>
Brett <Brett.R.Wiggs@ENRON.com>
Brewer Charles <Charles.Brewer@ENRON.com>
Brian <Brian.Gillis@ENRON.com>
Brian <brian.hunter-lindsay@enron.com>
Brian Day (E-mail) <bnaday@home.com>
Bridget Hennessey <bhennessey@ssfrancis.org>
Britaldo <Britaldo.Soares@ENRON.com>
Brockhan Richard <Richard.Brockhan@ENRON.com>
Brogan Theresa T. <Theresa.T.Brogan@ENRON.com>
Bromley Paul <paul.bromley@enron.com>
Brooks Loretta <Loretta.Brooks@ENRON.com>
Brooks Loretta <Loretta_Brooks@ENRON.net>
Broussard Richard <Richard.Broussard@ENRON.com>
Brown Matt A. <Matt.A.Brown@ENRON.com>
Bruce Michelle <Michelle.Bruce@ENRON.com>
<bruce.sukaly@enron.com>
Bryan Linda S. <Linda.S.Bryan@ENRON.com>
Bryce <Bryce.Baxter@ENRON.com>
Brysch Jim <Jim.Brysch@ENRON.com>
Bryson Jesse <Jesse.Bryson@ENRON.com>
Burchfield Richard <Richard.Burchfield@ENRON.com>
Burgess Simon <Simon.Burgess@Enron.com>
Burleigh Matt <Matt.Burleigh@ENRON.com>
Burton <Burton.McIntyre@ENRON.com>
Busby Todd <Todd.Busby@ENRON.com>
Butler Shelly <Shelly.Butler@ENRON.com>
Buy Rick <Rick.Buy@ENRON.com>
Buzek James <James.Buzek@ENRON.com>
BzAngelnNM@aol.com; panglada@clandsw.com
Cadena, Kim <Kim.Cadena@ENRON.com>
Cagney <tcagney@pdq.net>
calbrecht@oldcastleglass.com
Calcagno Suzanne <Suzanne.Calcagno@ENRON.com>
<camalal@yahoo.com>
Campos Sylvia A. <Sylvia.A.Campos@ENRON.com>
Cancian Eduardo <Eduardo.Cancian@ENRON.com>
career services@enron.com
career_services@enron.com
career.services@enron.com
careerservices@enron.com
Carey <Carey.Mansfield@ENRON.com>
Carl <Carl.Tricoli@ENRON.com>
Carl L. <ccarter@gspcorp.com>
Carol <carol.chew@enron.com>
Carole.ellenberg <Carole.ellenberg@ey.com>
Carolyn <Carolyn.Gilley@ENRON.com>
carrie.mccourt <carrie.mccourt@us.pwcglobal.com>
Carrington Clara <Clara.Carrington@ENRON.com>
Carter Carl <Carl.Carter@ENRON.com>
Carter Carl (CORP) <Carl.Carter@ENRON.com>
Carter Carl L. <ccarter@gspcorp.com>
Carter Renee <Renee.Carter@ENRON.com>
Carter Tim <Tim.Carter@ENRON.com>
Cary Smith <csmith@hire.com>
Casey <Casey.Evans@ENRON.com>
Cashion Jim <jim.cashion@ENRON.com>
Cashion Tana <Tana.Cashion@ENRON.com>
Casimir Reno <Reno.Casimir@ENRON.com>
Cason Sharen <Sharen.Cason@ENRON.com>
Cassi <Cassi.Wallace@ENRON.com>
Castleman Kent <Kent.Castleman@ENRON.com>
catherine.hayden@ubsw.com
Catherine Reiber <katyrine@wt.net>
Cathey <allisoncathey@hotmail.com>
cbabel@msn.com>. I enjoyed working with you guys.
cbarnett@lehman.com 
cbbroom2@aol.com
CBehrens@Volt.com]
cbmcwherter <cbmcwherter@yahoo.com>
cbrezn8@aol.com
cchurchill@OldcastleGlass.com
cchurchill@OldcastleGlass.com, Deanna
cdoublesin@houston.rr.com
Cecilia <Cecilia.Cheung@ENRON.com>
Cedric <Cedric.Belt@ENRON.com>
Chad <chad.ihrig@ENRON.com>
Chad Frers <Chad_Frers@Dell.com>
Chad Frers (E-mail) <Chad_Frers@Dell.com>
Chambers, Ty <TCHAMBERS@kforce.com>
Champion Andrew <Andrew.Champion@ENRON.com>
Champion <Jane_E_Champion@reliantenergy.com>
Chang Fran <Fran.Chang@ENRON.com>
Chapman Tom <Tom.Chapman@ENRON.com>
Chapman, Tom <Tom.Chapman@ENRON.com>
Charlie <Charlie.Hoang@ENRON.com>
Chatham <amchatham@hotmail.com>
Chaun <Chaun.Roberts@ENRON.com>
Chen Hai <Hai.Chen@ENRON.com>
Cheryl <Cheryl.Johnson@ENRON.com>
Cheryl Mills <camhardt@aol.com>
Cheung Cecilia <Cecilia.Cheung@ENRON.com>
Chew Carol <carol.chew@enron.com>
Chitradurga Sundar <Sundar.Chitradurga@ENRON.com>
Choate Heather <Heather.Choate@ENRON.com>
Choi Paul <Paul.Choi@ENRON.com>
chris.abel@enron.com
chris.abel@enron.com> 
Chris <Chris.Abel@ENRON.com>
Chris <Chris.Lackey@ENRON.com>
Chris <Chris.Mallory@ENRON.com>
Chris <Chris.Manickam@ENRON.com>
"'Chris'" <chris.r@forgital.com>
Chris <Chris.Schomer@ENRON.com>
Chris <Chris.Stokley@ENRON.com>
Chris <Chris.Unger@ENRON.com>
Chris <Chris.Walker@ENRON.com>
Chris <Chris.Wiebe@ENRON.com>
Chris Churchill <calbrecht@oldcastleglass.com>
Chris Churchill <cchurchill@hgp.com>
Chris H. <Chris.H.Foster@ENRON.com>
Chris_Licon@Dell.com>
CHRIS MITCHELL <kipper62@att.net>
> 	"Christa Harper" <Christa@aggiebonfire.com>,
Christian <Christian.Yoder@ENRON.com>
Christi L. <Christi.L.Nicolay@ENRON.com>
'Christina Raymond <crileyraymond@hotmail.com>
Christina Raymond <crileyraymond@hotmail.com>
christina.valdez@enron.com
Christopher F. <Christopher.F.Calger@ENRON.com>
christopher.j.herbold@us.arthurandersen.com
christopher whitenton <cwhitenton@yahoo.com>
Christy <Christy.Lobusch@ENRON.com>
Chris Whitenton <cwhitenton@yahoo.com>
Churchill <calbrecht@oldcastleglass.com>
Churchill <cchurchill@hgp.com>
Cilia Mary <Mary.Cilia@ENRON.com>
Cindy <cindy.horn@enron.com>
ckwilder@hotmail.com
> 	"Claire at Work" <CHILL@StageStores.com>,
Clara.Carringotn@enron.com
Clara <Clara.Carrington@ENRON.com>
Clark Barton <Barton.Clark@ENRON.com>
Clark Claudia <Claudia.Clark@ENRON.com>
Clark Mary <mclark@lisd.org>
Claudia <Claudia.Guerra@ENRON.com>
Clay <Clayton.R.Elliott@ENRON.com>
claylawson <claylawson@hotmail.com>
Clayton Elder (E-mail) <elder_clayton@hotmail.com>
Clement <Clement.Charbonnet@ENRON.com>
Clemons Amy <Amy.Clemons@ENRON.com>
Cleveland Emmett <Emmett.Cleveland@ENRON.com>
'ClickAtHome <clickathome@enron.com>
ClickAtHome <clickathome@enron.com>@ENRON 
Clint <Clint.Dean@ENRON.com>
cncanon@primenet.com
Cocke Jr. Stanley <Stanley.Cocke@ENRON.com>
Cockrell Rainier <Rainier.S.Cockrell@ENRON.com>
Cogbill David R. <David.R.Cogbill@ENRON.com>
Cohagan Fred <Fred.Cohagan@ENRON.com>
Coleman Tandra <Tandra.Coleman@ENRON.com>
"Colleen O'Toole" <cot63@aol.com>
Collins Angie <Angie.Collins@ENRON.com>
Collonges Remi <Remi.Collonges@ENRON.com>
"Colwell, Wes" <Wes.Colwell@ENRON.com>,
Colwell Wes <Wes.Colwell@ENRON.com>
Compean Karla <Karla.Compean@ENRON.com>
Confer Mark <Mark.Confer@ENRON.com>
Connor Richard A. <Richard.Connor@ENRON.com>
Considine Keith <Keith.Considine@ENRON.com>
Considine Keith <Keith.KC.Considine@ENRON.com>
Constantine Chris <Chris.Constantine@ENRON.com>
Cook Diane H. <Diane.H.Cook@ENRON.com>
Cooper Jason <jason.cooper@ENRON.com>
Cord Harris <charris@envcs03.tamu.edu>
Cornfield Andrew <andrew.cornfield@enron.com>
Corry <Corry.Bentley@ENRON.com>
Coulter Kayne <Kayne.Coulter@ENRON.com>
Cox Chip <Chip.Cox@ENRON.com>
Cox Paige <Paige.Cox@ENRON.com>
'craigjefferies@ckbenergy.com@ENRON'
craigjefferies@ckbenergy.com@ENRON 
Crandall Sean <Sean.Crandall@ENRON.com>
Crick (E-mail) <Rebecca.Crick@marykay.com>
crileyraymond <crileyraymond@hotmail.com>
<crileyraymond@hotmail.com>@ENRON'"
Crooks William <William.Crooks@ENRON.com>
Crosby Kim <kim.crosby@mirant.com>
Cross Edith <Edith.Cross@ENRON.com>
Cross Edith EES <Edith.Cross@ENRON.com>
Croucher Jr. Mike <Mike.Croucher@ENRON.com>
Ctown75@aol.com <Ctown75@aol.com>
Cummins Douglas <Douglas.Cummins@Enron.com>
Curry Mike <Mike.Curry@ENRON.com>
Curry Wanda <Wanda.Curry@ENRON.com>
Curve @ comparison date vs.
Curve data @ comparison date
Customer Service (help@AllDirect.com)
cwalker@turbolinux.com
cwhitenton@yahoo.com
Cyndie <Cyndie.Balfour-Flanagan@ENRON.com>
> 	"Cynthia Cameron" <mainecfc@yahoo.com>,
& Dad <bjhow@flash.net>
Dahlke Andrea <Andrea.Dahlke@ENRON.com>
Dale <Dale.Furrow@ENRON.com>
Dale <Dale.Rasmussen@ENRON.com>
Dalia Minal <Minal.Dalia@ENRON.com>
Dan <Dan.Dietrich@ENRON.com>
> 	"Danielle Calvelage" <SGCwife@aol.com>,
<danlsanford@tecoenergy.com>
Daren <Daren.J.Farmer@ENRON.com>
Daren J. <Daren.J.Farmer@ENRON.com>
Darin <Darin.Schmidt@ENRON.com>
Darin <Darin.Talley@ENRON.com>
Darryl S. <Darryl.S.Free@ENRON.com>
Dasovich Jeff <Jeff.Dasovich@ENRON.com>
Dave <Dave.Nommensen@ENRON.com>
"'DAVELOANE@cs.com'" <DAVELOANE@cs.com>
Davenport Lacrecia <LaCrecia.Davenport@ENRON.com>
David <David.Baumbach@ENRON.com>
David <David_Case@ENRON.net>
David <David.Draper@ENRON.com>
David <David.Dronet@ENRON.com>
David <David.Forster@ENRON.com>
David <david.hardy@enron.com>
David <david.oliver@enron.com>
David <David.Patton@ENRON.com>
David <David.Port@ENRON.com>
David <David.Portz@ENRON.com>
David <David.Poston@ENRON.com>
David Harap <dharap@austin.rr.com>
David M <David.M.Rosenberg@ENRON.com>
Davis Mark Dana <Mark.Dana.Davis@ENRON.com>
Davis Pete <Pete.Davis@ENRON.com>
Dayao Anthony <Anthony.Dayao@ENRON.com>
Day Misti <Misti.Day@ENRON.com>
Day Paul <paul.day@enron.com>
Dean Craig <Craig.Dean@ENRON.com>
'Deanna Harris <deannaharris@houston.rr.com>
Deanna Harris <deannaharris@houston.rr.com>
<deannaharris@houston.rr.com>
deannaharris@houston.rr.com
deannaharris@houston.rr.com, White Stacey
Deanna Harris <jeff_deanna_harris@hotmail.com>
Debbie Jahn <deborahdesigns@prodigy.net>
Debbie R. <Debbie.R.Brackett@ENRON.com>
deborah alexander <dalexander73@yahoo.com>
Debra <Debra_Bailey@ENRON.net>
Debra <Debra.Davidson@ENRON.com>
Dee Harkey <dharkey@vicec.org>
De Jesus Frank <Frank.De.Jesus@ENRON.com>
Delainey David W. <David.W.Delainey@ENRON.com>
Deleon Roberto <Roberto.Deleon@ENRON.com>
Denner Mark <Mark.Denner@ENRON.com>
Denton Rhonda L. <Rhonda.Denton@ENRON.com>
Denton Rhonda L. <Rhonda.L.Denton@ENRON.com>
Derek <Derek.Anderson@ENRON.com>
dhadley1@houston.rr.com
<dhammerm@liu.edu>
Diamond Russell <Russell.Diamond@ENRON.com>
Diana <Diana.Allen@ENRON.com>
Diana <Diana.Scholtes@ENRON.com>
Diane <Diane.Anderson@ENRON.com>
"Diane Hammerman" <DIANE7130@aol.com>
Diane Nixon <Diane.Nixon@Cinergy.COM>
Dianne <Dianne.Seib@ENRON.com>
Dianne Neuse <neuse@the-cia.net>
DiBenedetto <kaydib@home.com>
Didrik <didrik.thrane-nielsen@enron.com>
Dimichele Rich <Richard_Dimichele@ENRON.net>
Dimitri <dimitri.taylor@enron.com>
"Dino" <DMRorig@aol.com>,
dkaybg@aol.com
<Dkaybg@aol.com>
Dkaybg@aol.com
DMarti3118@aol.com, Kay
Donald Wayne <Donald.Wayne.Vinson@ENRON.com>
donald.wayne.vinson@enron.com
donald.wayne.vinson@enron.com 
Don (Asset Mktg) <Don.Miller@ENRON.com>
Donna <donna.sheidun@ENRON.com>
Donnie Koym <easymoneydgk@yahoo.com>
donnnie97@yahoo.com
Donovan <momdonovan@hotmail.com>
Donovan Thomas J. <Thomas.J.Donovan@ENRON.com>
'douglas.mclaughlin@chase.com'
Driscoll Michael M. <Michael.M.Driscoll@ENRON.com>
Droupy (E-mail) <clairedf@yahoo.com>
D. Todd <D.Todd.Hall@ENRON.com>
Dunlop James <James.Dunlop@bakeratlas.com>
Dunton Heather <Heather.Dunton@ENRON.com>
Duong <Duong.Luu@ENRON.com>
Dupuy Mark <Mark.Dupuy@ENRON.com>
Duran W. David <W.David.Duran@ENRON.com>
Durham Kim <Kim.Durham@ENRON.com>
Dusek Ryan <Ryan.Dusek@ENRON.com>
eagle@gopusa.com
Earnest Scott <Scott.Earnest@ENRON.com>
Eastwood <mickey6267@aol.com>
Ed Fuccello <r44385@email.mot.com>
Edgmon <sloan_edgmon@hotmail.com>
Edith <Edith.Cross@ENRON.com>
Edward D. <Edward.D.Baughman@ENRON.com>
Edward <Edward.Baughman@ENRON.com>
Edward <Edward.Sacks@ENRON.com>
Ed. Zepeda (E-mail) <Ed.Zepeda@Prometric.com>
<EGrimes@OldcastleGlass.com>
Eiben Michael <Michael.Eiben@ENRON.com>
Elbertson Janette <Janette.Elbertson@ENRON.com>
Elder (E-mail) <eldereric@hotmail.com>
Elizabeth <Elizabeth.Sager@ENRON.com>
Elliott Clay <Clayton.R.Elliott@ENRON.com>
Ellis (E-mail) <Kellis73@aol.com>
Elwood Richard <Richard.Elwood@ENRON.com>
(E-mail) <russellt@cottonrestorationinc.com>
(E-mail) <Troy_Reese@Dell.com>
Emesih Gerald <Gerald.Emesih@ENRON.com>
Emmons Suzette <Suzette.Emmons@ENRON.com>
energy@tigfirstsource.com
Engel Tom <Tom.Engel@ENRON.com>
@enron.com
enron_update@concureworkplace.com@ENRON
Ephross Joel <Joel.Ephross@ENRON.com>
"Eric Bronner" <ebronner@tecoenergy.com>
Eric <Eric.Groves@ENRON.com>
Eric <Eric.Irani@ENRON.com>
"'Eric'" <etyler@allcapcorp.com>
Erling <Erling.Brakke@ENRON.com>
<Ernest.Pittarelli@ubsw.com>,
Ernest.Pittarelli@ubsw.com, Andrew.Watson@ubsw.com
Estrada Israel <Israel.Estrada@ENRON.com>
Estrada, Israel <Israel.Estrada@ENRON.com>
Estrada Mercedes E. <Mercedes.Estrada@ENRON.com>
Eugene <Eugene.Lee@ENRON.com>
Eva Hollingsworth <s_hollingsworth@msn.com>
Evans Casey <Casey.Evans@ENRON.com>
Evanson Meliza <Meliza.Evanson@ENRON.com>
Evellen <Evellen.Powell@ENRON.com>
Evelyn <Evelyn.Aucoin@ENRON.com>
Eve Medellin <reninbigg@gvec.net>
Faith <Faith.Killen@ENRON.com>
Fallon Jim <Jim.Fallon@ENRON.com>
Fangming <Fangming.Zhu@ENRON.com>
Farber <thomas.f.farber@rssmb.com>
Farmer Bill <Bill.Farmer@ENRON.com>
Farmer Daren J. <Daren.J.Farmer@ENRON.com>
Fayett Juana <Juana.Fayett@ENRON.com>
Federico <Federico.Cerisoli@ENRON.com>
<FGK1120@aol.com>
Figueroa Xochitl <Xochitl.Figueroa@ENRON.com>
Fink Mike <Mike.Fink@ENRON.com>
Fiona <fiona.mcnaught@enron.com>
Fischer Mark <Mark.Fischer@ENRON.com>
Fitzgerald Genia <Genia.FitzGerald@ENRON.com>
Fitzpatrick Amy <Amy.Fitzpatrick@ENRON.com>
Fleming Lloyd <lloyd.fleming@enron.com>
Fletcher J. <Fletcher.J.Sturm@ENRON.com>
fnavarre@lehman.com 
Fondren Mark <Mark.Fondren@ENRON.com>
Forster David <David.Forster@ENRON.com>
Foster Chris H. <Chris.H.Foster@ENRON.com>
Fougerat <kfougerat@gvec.net>
fran.chang@enron.com
Fran.Chang@enron.com
Fran.Chang@ENRON.com
Francis S. <Francis.S.Lim@ENRON.com>
Fran <Fran.Chang@ENRON.com>
"Frank Busot" <flbusot@tecoenergy.com>
Frank <Frank.Hayden@ENRON.com>
Frank <Frank.Prejean@ENRON.com>
Franklin Warrick <warrick.franklin@ENRON.com>
Fred <Fred.Kelly@ENRON.com>
Free Darryl S. <Darryl.S.Free@ENRON.com>
Freshour Stephen <Steve_Freshour@ENRON.net>
Freyre Rodolfo <Rodolfo.Freyre@ENRON.com>
Frnka Patrick <Patrick.Frnka@ENRON.com>
FtWorth Cycle <fwcycle@flash.net>
Furter Stephen <stephen.furter@enron.com>
<gabriel.melamed@ubsw.com>
Gabriel.Melamed@ubsw.com]
Gail <gail.hill@enron.com>
Gail Lowry <gail.lowry@motorola.com>
Gallera (E-mail) <remoh19@yahoo.com>
galloway_kevin@emc.com
Ganapathy <Ganapathy.Ramesh@ENRON.com>
"Garcia, Paul" <Paul.Garcia@ENRON.com>
Garcia Paul <Paul.Garcia@ENRON.com>
Garrahan Mark <Mark.Garrahan@ENRON.com>
Garrett Dave <Dave.Garrett@ENRON.com>
Gary <Gary.Hickerson@ENRON.com>
Gary <Gary_Stadler@ENRON.net>
GCP_Houston <GCP_Houston@ENRON.com>
<gdjennings@tecoenergy.com>
gdpike@aol.com
Geir <Geir.Solberg@ENRON.com>
Georgeanne <Georgeanne.Hodges@ENRON.com>
George F. <George.F.Smith@ENRON.com>
George Fraisy <Fraisy.George@ENRON.com>
Gilbert Gerald <Gerald.Gilbert@ENRON.com>
Gilbert Scotty <Scotty.Gilbert@ENRON.com>
Gilbert-smith Doug <Doug.Gilbert-Smith@ENRON.com>
Gillis Brian <Brian.Gillis@ENRON.com>
Gil Mercy <Mercy.Gil@ENRON.com>
Gina <Gina.LaVallee@ENRON.com>
ginny.torstrick@travelpark.com]
Giron Darron C. <Darron.C.Giron@ENRON.com>
Giselle <Giselle.James@ENRON.com>
glennmcook@msn.com
Glen Sefcik (E-mail) <Glen.Sefcik@apollogrp.edu>
Glover (E-mail) <james_glover@nai.com>
Glover Sheila <Sheila.Glover@ENRON.com>
Goebel <benson03@juno.com>
Gold Joe <joe.gold@enron.com>
Gonzalez Orlando <Orlando.Gonzalez@ENRON.com>
Gonzalez Veronica <Veronica.Gonzalez@ENRON.com>
Gorny Vladimir <Vladimir.Gorny@ENRON.com>
Gossett Jeffrey C. <Jeffrey.C.Gossett@ENRON.com>
Grace Rebecca M. <Rebecca.M.Grace@ENRON.com>
gramesh@skytel.com
Gray Mary Griff <Mary.Griff.Gray@ENRON.com>
Greenbank <Bruce.Greenbank2@ENRON.com>
Greene Tracy <Tracy.Greene@ENRON.com>
Greenlee Terri <Terri.Greenlee@ENRON.com>
Gregg <Gregg.Young@ENRON.com>
Greg <Greg.Couch@ENRON.com>
Greg <Greg.Trefz@ENRON.com>
Greg <Greg.Whalley@ENRON.com>
Greg <Greg_Woulfe@ENRON.net>
Gregorcyk Vicky <Vicky_Gregorcyk@ENRON.net>
Gregory A. <Gregory.A.Mausser@ENRON.com>
Greif Donna <Donna.Greif@ENRON.com>
Gries Shannon <shannon.gries@mirant.com>
Griff <Mary.Griff.Gray@ENRON.com>
Gualy Jaime <Jaime.Gualy@ENRON.com>
Guerriero Michael <Michael.Guerriero@ENRON.com>
Gurrola William <William.Gurrola@ENRON.com>
Gustafson Mollie <Mollie.Gustafson@ENRON.com>
Guy.F.Sears@bankofamerica.com
Guy.F.Sears@bankofamerica.com]
Guy Ishikawa (E-mail) <Guy.Ishikawa@ENRON.com>
Haedicke Mark E. <Mark.Haedicke@ENRON.com>
Hagelmann Bjorn <Bjorn.Hagelmann@ENRON.com>
Hai <Hai.Chen@ENRON.com>
Ha Kenny <Kenny.Ha@ENRON.com>
Halbach <bhalbach@momentumsoftware.com>
Hal <Hal.McKinney@ENRON.com>
Hall Bob M <Bob.M.Hall@ENRON.com>
Hall D. Todd <D.Todd.Hall@ENRON.com>
Hall Steve C. (Legal) <Steve.C.Hall@ENRON.com>
Hankamer Cecilia <Cecilia.Hankamer@ENRON.com>
Hannum Richard <Richard.Hannum@ENRON.com>
Hansen Leslie <Leslie.Hansen@ENRON.com>
Hansen Trond <trond.branem.hansen@enron.com>
Hanson Kristen J. <Kristen.J.Hanson@ENRON.com>
hanysakk <hanysakk@uthscsa.edu>
Hardy David <david.hardy@enron.com>
Hardy Trey <Trey.Hardy@ENRON.com>
Hare Bill D. <Bill.D.Hare@ENRON.com>
Harf <harf39@webtv.net>
Harlan <Harlan.Murphy@ENRON.com>
Harmon <mbonnerh@aol.com>
Harrington <a.harrington@meritenergy.com>
Harris <deannaharris@houston.rr.com>
Harris <jennifer@bryanisd.org>
Harris <jl-harris@tamu.edu>
harrisj@liddellsapp.com
Harris Paula <Paula.Harris@ENRON.com>
Harry <Harry.Arora@ENRON.com>
Hayden Frank <Frank.Hayden@ENRON.com>
Heather.Dunton@ENRON.com
Heather <Heather.Dunton@ENRON.com>
Heather <Heather.Kroll@ENRON.com>
<Heather@LamonsGasket.com>
Heather Rios <Heather@LamonsGasket.com>
"Hedstrom, Peggy" <Peggy.Hedstrom@ENRON.com>
Hedstrom Peggy <Peggy.Hedstrom@ENRON.com>
Heidi <heidi.mason@enron.com>
Heintzelman Pete <Peter.Heintzelman@ENRON.com>
Heiser Christy <christy.heiser@mirant.com>
Heizenrader Tim <Tim.Heizenrader@ENRON.com>
Helton Susan <Susan.Helton@ENRON.com>
Hempkins (E-mail) <BradleyHempkins@aol.com>
Hendry Brent <Brent.Hendry@ENRON.com>
Hennessy Sonia <sonia.hennessy@ENRON.com>
Henry Jane Hilburn <Jane.Henry@ENRON.com>
Hernandez Marla <Marla.Hernandez@ENRON.com>
Hernandez Nancy <Nancy.Hernandez@ENRON.com>
Herndon Rogers <Rogers.Herndon@ENRON.com>
Herod Brenda F. <Brenda.F.Herod@ENRON.com>
Hertog Justin <justin.den.hertog@enron.com>
Hiemstra Nick <Nick.Hiemstra@ENRON.com>
Hien <Hien.Trinh@ENRON.com>
Hilliard Marlene <Marlene.Hilliard@ENRON.com>
Hillier Bob <Bob.Hillier@ENRON.com>
Hillis Kimberly <Kimberly.Hillis@ENRON.com>
Hmatamin@AOL.com
Hodges Georganne <Georgeanne.Hodges@ENRON.com>
Hodges Georgeanne <Georgeanne.Hodges@ENRON.com>
Hogan Irena D. <Irena.D.Hogan@ENRON.com>
(home) <elizzard@mindspring.com>
Homer Gallera (E-mail) <remoh19@yahoo.com>
Hong Neil <Neil.Hong@ENRON.com>
Hooser Steve <Steve.Van.Hooser@ENRON.com>
Hope <Hope.Vargas@ENRON.com>
Hopley Kimberly <kimberly.hopley@enron.com>
Horn Cindy <cindy.horn@enron.com>
houten Maria <Maria.Van.Houten@ENRON.com>
howard_l_michael@yahoo.com
HRGIM <mbx_hrgim@ENRON.com>
HRServiceConnection@enron.com
HR Service Connection <mbx_hrsrvconnect@ENRON.com>
Hudgins <phudgins@bitstreet.com>
Hull (E-mail) <ascotthull@hotmail.com>
Hundl Kimberly <Kimberly.Hundl@ENRON.com>
Hunter Larry Joe <Larry.Joe.Hunter@ENRON.com>
Hu Wei <Wei.Hu@ENRON.com>
Iain <Iain.Greig@ENRON.com>
Imai Rika <Rika.Imai@ENRON.com>
Ina <Ina.Rangel@ENRON.com>
Instant Messenger - jpostlepc@hotmail.com
Invedy Tantra <Tantra.Invedy@ENRON.com>
iPayit <ipayit@Enron.com>
Irani Eric <Eric.Irani@ENRON.com>
Irvin Tracey <Tracey.Irvin@ENRON.com>
isc.registrar@enron.com@ENRON
Ishikawa (E-mail) <Guy.Ishikawa@ENRON.com>
Ishikawa Guy <Guy.Ishikawa@ENRON.com>
israel.estrada@enron.com
Israel <Israel.Estrada@ENRON.com>
Israel <Israel.IME.Estrada@ENRON.com>
Jack & Sherry Mills <jlmills@gvtc.com>
Jackson Jeffrey <Jeffrey.Jackson@ENRON.com>
Jacobson Michael <Michael.Jacobson@ENRON.com>
Jafry Rahil <Rahil.Jafry@ENRON.com>
Jaikishore <Jaikishore.Bharathi@ENRON.com>
Jake <Jake.Thomas@ENRON.com>
james.gillespie@robertwalters.com
<James.Howard@ubsw.com>,
James.Howard@ubsw.com]
'James.Howard@ubsw.com@ENRON'
James.Howard@ubsw.com@ENRON 
James <james.new@enron.com>
James <James.Scribner@ENRON.com>
James & Tami Sisk <tamisisk@flash.net>
Jane Champion <Jane_E_Champion@reliantenergy.com>
Jane_E_Champion@reliantenergy.com
Jane Smith <mythreeboys@earthlink.net>
Janet H. <Janet.H.Moore@ENRON.com>
Janet <Janet.Dietrich@ENRON.com>
Janet <Janet.Haynes@ENRON.com>
Jason Breitschopf <jason@gvec.net>
Jason Gonzales (E-mail) <jgonzalesul7@hotmail.com>
"'Jason Harrison'" <jharrison@advindustries.com>
Jason <Jason.Choate@ENRON.com>
jaubert98@aol.com
Jayant <Jayant.Krishnaswamy@ENRON.com>
Jay <Jay.Vandenberg@ENRON.com>
Jay <Jay.Webb@ENRON.com>
jbourgeois@houston.rr.com
Jeanette Sooley <jr_sooley@yahoo.com>
Jeanie <Jeanie.Slone@ENRON.com>
Jefferson Marvia <Marvia.Jefferson@ENRON.com>
Jeff Harris <jharris@lockeliddell.com>
Jeff <Jeff.King@ENRON.com>
Jeff <Jeff.Richter@ENRON.com>
"'Jeff & Kristi Stegall'"	 <jkjstegall@aol.com>
"Jeff Krone" <jeffk@cottonrestorationinc.com>
Jeff Krone <jeffk@cottonrestorationinc.com>
Jeff Mills <millscc@aol.com>
Jeffrey C. <Jeffrey.C.Gossett@ENRON.com>
Jeffrey E. <Jeffrey.E.Sommers@ENRON.com>
Jeffrey <Jeffrey.Miller@ENRON.com>
jeffrey.j.schroeder@arthurandersen.com
Jeffrey Mills <emtmills@aol.com>
Jeffrey T. <Jeffrey.T.Hodge@ENRON.com>
jejohnson@tecoenergy.com
Jenifer <Jenifer@imc2.com>
Jenkins Beth <Beth.Jenkins@ENRON.com>
jennifer@ceimail.com]
jennifer.h.staton@us.andersen.com
jennifer.h.staton@us.andersen.com>] 
jennifer.h.staton@us.andersen.com 
jennifer.h.staton@us.andersen.com]
jennifer.h.staton@us.andersen.com@ENRON
Jennifer <Jennifer.DeBoisblanc.Denny@ENRON.com>
Jennifer <Jennifer.Velasco@ENRON.com>
Jennifer Jones <jones_205@email.msn.com>
Jennifer Little <jafinley1@yahoo.com>
jennifer.l.muse@us.andersen.com
jennifer.l.muse@us.andersen.com 
jennifer.l.muse@us.andersen.com@SMTP@enronXgate, 
> 	"Jennifer Mahlmann" <tamu1999@hotmail.com>,
jennifer.m.zaozirny@arthurandersen.com
jennifer.stevenson@us.andersen.com@SMTP@enronXgate
Jenny <jenny.latham@enron.com>
Jenny <Jenny.Latham@ENRON.com>
Jen Richie <jar11074@hotmail.com>
Jerry Bostic <jerry.bostic@motorola.com>
Jerry Dunn <jerry.dunn@travelpark.com>
jessica.berthold@dowjones.com
Jia Winston <Winston.Jia@ENRON.com>
Jiewen <Jiewen.Li@ENRON.com>
Jill <Jill.Chatterton@enron.com>
Jim <Jim.Buerkle@ENRON.com>
Jim <Jim.Fallon@ENRON.com>
Jim <Jim.Meyn@ENRON.com>
Jim <Jim.Reyes@ENRON.com>
Jimmy Franklin <jfranklin5@aol.com>
jkjstegall@aol.com
'Jkjstegall@aol.com@ENRON'
Jkjstegall@aol.com@ENRON 
JoAnn <JoAnn.Lavine@ENRON.com>
Jody <Jody.Pierce@ENRON.com>
joel.shaw@weatherford.com
Joe Mogab <ra7262@email.mot.com>
Joey Howington <joeyhowington99@yahoo.com>
John.A.Ramirez@aexp.com
John D. <John.D.Powell@ENRON.com>
John Dorlon <John@ezsql.net>
john.d.postlethwaite@enron.com
John.D.Postlethwaite@ENRON.com
John <John.Allison@ENRON.com>
John <John.Best@ENRON.com>
John <John.D.Postlethwaite@ENRON.com>
John <John.J.Lavorato@ENRON.com>
John <John.Lavorato@ENRON.com>
John <John.Llodra@ENRON.com>
John <John.Novak@ENRON.com>
John <John_Suarez@ENRON.net>
John <John.Swinney@ENRON.com>
John <John.Valdes@ENRON.com>
John <John.Warner@ENRON.com>
John <John.Zufferli@ENRON.com>
'John.Mee@Williams.com'
John.Mee@Williams.com
John M. <John.M.Forney@ENRON.com>
John Postlethwaite <john.postlethwaite@enron.com>
Johnson Jeff <Jeff.Johnson@ENRON.com>
john.suarez@enron.com
john.valdes@enron.com
Jones <jones_205@email.msn.com>
Jon Paul <Jon.Paul.Lewis@ENRON.com>
jon_w_butler@hotmail.com
Jordan Mike <mike.jordan@enron.com>
Jr. Ed <Ed.McMichael@ENRON.com>
Jr. Errol <Errol.McLaughlin@ENRON.com>
Jr. James <James.Grace@ENRON.com>
jrv@teamlead.com
jshorter@txu.com]
Juantongia.calvin@enron.com
Julian <Julian.Poole@ENRON.com>
Julie Amalfi <jamalfi@epns.emmis.com>
Julie <Julie.Clyatt@ENRON.com>
> 	"Julie Nardiello" <jenjsn@mindspring.com>,
julie.welty.nguyen@us.pwcglobal.com
Kal <Kal.Shah@ENRON.com>
Kallus Deborah <Deborah.Kallus@ENRON.com>
Kaminski Vince J <Vince.J.Kaminski@ENRON.com>
Kam <Kam.Keiser@ENRON.com>
kam.keiser@enron.com
Kampe <kkampe@ev1.net>
Karen E. <Karen.E.Jones@ENRON.com>
Karen <Karen.Snow@ENRON.com>
karen_watson <karen_watson@ajg.com>
Karin <Karin.Williams@ENRON.com>
Karyn Elder (E-mail) <karyn@dewittec.net>
Kasaju Elena <Elena.Kasaju@ENRON.com>
Kass Michael <michael.kass@enron.com>
Kass Michael <Michael.Kass@ENRON.com>
Kate Agnew <kate.e.agnew@us.arthurandersen.com>
Kathol Sherri <Sherri.Kathol@ENRON.com>
Kathryn <Kathryn.Pallant@Enron.com>
"Kathy Bowers" <kathybowers@hotmail.com>
Kathy <Kathy.Reeves@ENRON.com>
> 	"Kathy Martinez" <KOrangeM79@aol.com>,
Kathy M. <Kathy.M.Moore@ENRON.com>
Kathy Stewart <kathy@keenelawyer.com>
Katz Martin <Martin.Katz@ENRON.com>
Kavanaugh Russ <Russell.Kavanaugh@ENRON.com>
Kay <Kay.Mann@enron.com>
Kayla <kayla.procell@mirant.com>
Kayne <Kayne.Coulter@ENRON.com>
kconnell <kconnell@exchange.uta.edu>
Keiser Kam <Kam.Keiser@ENRON.com>
keith.considine@enron.com
Keith <Keith.Comeaux@ENRON.com>
Keith <Keith.Considine@ENRON.com>
Keith <Keith.KC.Considine@ENRON.com>
Keith.Soderholm <Keith.Soderholm@ey.com>
kelley_montgomery@oxy.com
Kelly Clatt <m_kclatt@msn.com>
Kelly Fred <Fred.Kelly@ENRON.com>
Kelly Kampe <kkampe@denus.jnj.com>
Kelly Katherine L. <Katherine.L.Kelly@ENRON.com>
'Kelly Rainey <krainey@galenaparkisd.com>
Kelly Rainey <krainey@galenaparkisd.com>@ENRON 
Kelly William <William.Kelly@ENRON.com>
Kenne Dawn C. <Dawn.Kenne@ENRON.com>
Kenneth <Kenneth.Thibodeaux@ENRON.com>
Kenny <Kenny.Ha@ENRON.com>
Kent <Kent.Castleman@ENRON.com>
Kerri <Kerri.Thompson@ENRON.com>
"'Kevin Haase'" <kevin.t.haase1@jsc.nasa.gov>
Kevin Kampe <kkampe@ev1.net>
Kevin <Kevin.Heal@ENRON.com>
Kevin <Kevin.Lee@ENRON.com>
Kevin <Kevin.Meredith@ENRON.com>
Kevin <Kevin.Montagne@ENRON.com>
Kevin <Kevin.Sweeney@ENRON.com>
Kevin <Kevin.T.Dinh@ENRON.com>
Kevin M. <Kevin.M.Presto@ENRON.com>
Kiddle Mark <Mark.Kiddle@ENRON.com>
Kimball Mary <Mary.Kimball@ENRON.com>
Kimberly Elder Roberts (E-mail) <kroberts@ktc.com>
Kimberly Hillis <kimberly.hillis@enron.com>
Kimberly <Kimberly.Hillis@ENRON.com>
Kimberly <kimberly.hopley@enron.com>
Kimberly <Kimberly.Hundl@ENRON.com>
Kimberly <Kimberly.Sorrell@ENRON.com>
Kimberly Klonower <klonower@swbell.net>
Kimberly S. <Kimberly.S.Olinger@ENRON.com>
Kim M. <kmsachtleben@pbsj.com>
Kim Pena <kim.pena@home.com>
kimsach@hotmail.com, brandib@urbaneng.com
Kim S (Houston) <Kim.Ward@ENRON.com>
Kim S. <Kim.S.Theriot@ENRON.com>
kim.s.theriot@enron.com
King Jeff <Jeff.King@ENRON.com>
kingsy2k@msn.com
Kinsey Lisa <Lisa.Kinsey@ENRON.com>
Kishkill Joe <Joe.Kishkill@ENRON.com>
Kitchen Louise <Louise.Kitchen@ENRON.com>
klande2@yahoo.com
Klesel <bck@cvtv.net>
kmorgan <kmorgan@brinks.com>
Knesek <knesek@gvec.net>
Koehler Anne C. <Anne.C.Koehler@ENRON.com>
Koerselman Lisa <Lisa.Koerselman@ENRON.com>
Kori <Kori.Loibl@ENRON.com>
kpowell@intergen.com 
krainey <krainey@galena-park.isd.tenet.edu>
Kraltchev Nikolay <Nikolay.Kraltchev@ENRON.com>
Kristen J. <Kristen.J.Hanson@ENRON.com>
kristi.l.bishop@arthurandersen.com
Kristin <Kristin_Albrecht@ENRON.net>
kroberts@ktc.com
Krohn <ekrohn@hotmail.com>
Kroll Heather <Heather.Kroll@ENRON.com>
Kroum <Kroum.Kroumov@ENRON.com>
Kroum Kroumov (E-mail) <Kroum.Kroumov@ENRON.com>
Kroumov Kroum <Kroum.Kroumov@ENRON.com>
kroush@houston.rr.com
kschueler@boyarmiller.com
Kubove George <George.Kubove@ENRON.com>
Kumarappan Ramesh <Ramesh.Kumarappan@ENRON.com>
Kumar Madhup <Madhup.Kumar@ENRON.com>
Kyle <Kyle.Kitagawa@ENRON.com>
Kysa <Kysa.Alport@ENRON.com>
Lackey Chris <Chris.Lackey@ENRON.com>
Lacrecia <LaCrecia.Davenport@ENRON.com>
Lamadrid Victor <Victor.Lamadrid@ENRON.com>
lamar@viccomm.com
lamar@viccomm.com >> >
Lamar White <lamar@viccomm.com >
Lamar White <lamar@viccomm.com>; Russell White
Lamya <Lamya.Khyrullah@ENRON.com>
Lance (Legal) <Lance.Schuler-Legal@ENRON.com>
Landry <slandry@corp.prodigy.com>
Lapsley Carol <Carol.Lapsley@ENRON.com>
Larry Joe <Larry.Joe.Hunter@ENRON.com>
Larry <Larry.Valderrama@ENRON.com>
'lathamjenny@hotmail.com'
Latham Jenny <jenny.latham@enron.com>
Laura E. <Laura.E.Webner@ENRON.com>
Laura <Laura.Dewett@ENRON.com>
Laura <Laura.E.Scott@ENRON.com>
Laurel Borens 281-723-1342 or underthecs@aol.com 
Laurel Boren <underthecs@aol.com>
Laurel <Laurel.Adams@ENRON.com>
Laurie <Laurie.Koenig@ENRON.com>
laurisal@lamonsgasket.com
Lavorato John <John.J.Lavorato@ENRON.com>
Lavorato John <John.Lavorato@ENRON.com>
Law Samantha <Samantha.Law@ENRON.com>
Lay Kenneth <Kenneth.Lay@ENRON.com>
Leanne <lwkelly@flash.net>
Lee Kenneth <Kenneth.Lee2@ENRON.com>
Lee Norman <Norman.Lee@ENRON.com>
Lee Norman <Norman.NCL.Lee@ENRON.com>
Lees Lisa <Lisa.Lees@ENRON.com>
Leggett Tim <Tim.Leggett@ENRON.com>
Lei Lisa <Lisa.Lei@ENRON.com>
Lenartowicz Chris <Chris.Lenartowicz@ENRON.com>
Leng Tom <Tom.Leng@ENRON.com>
Leonard Chris <Chris.Leonard@ENRON.com>
leroychurch@txu.com
Leslie <Leslie.Hansen@ENRON.com>
Leslie <Leslie.Reeves@ENRON.com>
Leslie.Reeves@ENRON.com
Le Trang <Trang.Le@ENRON.com>
Leuschen Sam <sam.leuschen@ENRON.com>
Lew Elsie <Elsie.Lew@ENRON.com>
Lewis Jon Paul <Jon.Paul.Lewis@ENRON.com>
<Liliana.Chiu@ubsw.com>
Liliana.Chiu@ubsw.com; Debbie.Ramsammy@ubsw.com
Liliana.Chiu@ubsw.com@ENRON 
<lillianna.chui@ubsw.com>
Lim Francis S. <Francis.S.Lim@ENRON.com>
> linda.harris@travelpark.com
Linda K. <Linda.K.Loukanis@ENRON.com>
link.net> <Nekkolvr87@aol.com>
Lisa.Haughton@ubsw.com
Lisa.Haughton@ubsw.com@ENRON 
Lisa <Lisa.Best@ENRON.com>
Lisa <Lisa.Burnett@ENRON.com>
Lisa <Lisa.Gang@ENRON.com>
Lisa <Lisa.Kinsey@ENRON.com>
Lisa <Lisa.Lees@ENRON.com>
Lisa <Lisa.R.McClendon@ENRON.com>
Lisa <Lisa.Sawyer@ENRON.com>
Lisboa Ricardo <Ricardo.Lisboa@ENRON.com>
Liss" <mamagsh@aol.com>
Little Ernest <Ernest.Little@ENRON.com>
Little <jafinley1@yahoo.com>
liz@blanketstoyou.com
Liz <Liz.Prior@ENRON.com>
Liz <Liz.Taylor@ENRON.com>
liz.taylor@enron.com
> > > lkatsis@volt.com
Llodra John <John.Llodra@ENRON.com>
Lloyd <lloyd.fleming@enron.com>
Lloyd <Lloyd.Will@ENRON.com>
Lobusch Christy <Christy.Lobusch@ENRON.com>
Loftin Lavon <Lavon.Loftin@ENRON.com>
Loibl Kori <Kori.Loibl@ENRON.com>
<lomi84@aol.com>
Lopez Rumaldo <Rumaldo.Lopez@ENRON.com>
> 	"Lori Hanover" <lmhanover@aol.com>,
Lori Magin <lmagin@tractebelpowerinc.com>
Lorraine <Lorraine.Becker@ENRON.com>
Louise <Louise.Kitchen@ENRON.com>
Lowry Donna <Donna.Lowry@ENRON.com>
Lowry <gail.lowry@motorola.com>
Lowry <slowry@wacoisd.org>
Lozano Melba <Melba.Lozano@ENRON.com>
lsmith2@sial.com
LStuddard@aol.com
ltelge@aol.com
Luc Albert <Albert.Luc@ENRON.com>
Lucas <Beth.Lucas@usa.alcatel.com>
Luciano Dan <Dan.Luciano@ENRON.com>
Luong Anita <Anita.Luong@ENRON.com>
Luong Steven <Steven.Luong@ENRON.com>
Luu Duong <Duong.Luu@ENRON.com>
Lyman <Lyman.Wilkes@ENRON.com>
Lyons Dan <Dan.Lyons@ENRON.com>
madhup_kumar@yahoo.com, Allen
Madhup <Madhup.Kumar@ENRON.com>
Ma Felicia <Felicia.Ma@ENRON.com>
Magin <lmagin@tractebelpowerinc.com>
Mallary William <William.Mallary@ENRON.com>
Mandy.Hurt@ey.com
Mandy.Hurt@ey.com <Mandy.Hurt@ey.com@ENRON>
Mandy Hurt <mandy.hurt@ey.com>
Mao Shari <Shari.Mao@ENRON.com>
Marci <marci.mansfield@ENRON.com>
Marcus <Marcus.Nettelton@ENRON.com>
maria.van.houten@enron.com
marilyn.tisdale@enron.com
Marisa <Marisa.Pardellas@ENRON.com>
Mark Dana <Mark.Dana.Davis@ENRON.com>
Mark Edwards (E-mail) <mark@teambonner.com>
Mark E (Legal) <Mark.Taylor@ENRON.com>
Mark Golson <Mark.Golson@abslink.com>
Mark <Mark.Fischer@ENRON.com>
Mark <Mark.Fondren@ENRON.com>
Mark <Mark.Frevert@ENRON.com>
Mark <Mark.McClure@ENRON.com>
Mark <Mark.Pickering@Enron.com>
Mark <Mark.Pickering@ENRON.com>
Mark <Mark.Symms@ENRON.com>
Mark <McMahonM@kochind.com>
mark.wolf@enron.com
Marryott Michael <Michael.Marryott@ENRON.com>
Marta <pugbelle@netscape.net>
Martha <Martha.Stevens@ENRON.com>
Martha.Stevens@ENRON.com
Martin (E-mail) <Karen.Y.Martin@ENRON.com>
Martinez Dave <Dave.Martinez@ENRON.com>
Martin Karen Y <Karen.Y.Martin@ENRON.com>
martin.sosland@weil.com]
MartyAngermiller@clearchannel.com
> 	"Marybeth Peck" <mbpeck6@aol.com>,
Mary Covington <covincw1@msn.com>
Mary Griff <Mary.Griff.Gray@ENRON.com>
Mary <Mary.Cook@ENRON.com>
Mary <mary.thambiah@enron.com>
Mary <Mary.Weatherstone@ENRON.com>
Mason Heidi <heidi.mason@enron.com>
Mat-Amin Hasnah <Hasnah.Mat-Amin@Pacificorp.com>
Matt A. <Matt.A.Brown@ENRON.com>
mattcompton@earthlink.net, johndorlon@aol.com
Matthew <matthew.allan@enron.com>
Matt Marron <matthew.marron@broadwing.com>
Matt <Matt.Motley@ENRON.com>
Mattox Michael <Michael.Mattox@ENRON.com>
Matt Vogt <mvogt@architecturalimpact.com>
Maure Sternberg <sternberg@zebra.net>
Maxedon (E-mail) <brett.maxedon@aig.com>
May Tom <Tom.May@ENRON.com>
McClure Zakiyyah <Zakiyyah.McClure@ENRON.com>
"Mccormick, Timothy" <mccortp@cpchem.com>
McDonald Dawn <dawn.mcdonald@ENRON.com>
McDonald Matt <Matt.McDonald@ENRON.com>
Mcdonald Michael <Michael.McDonald@ENRON.com>
McDonald <robmcdonald@iname.com>
Mcginnis Stephanie <Stephanie.McGinnis@ENRON.com>
McIntyre Burton <Burton.McIntyre@ENRON.com>
McKeel Richard <Richard.C.McKeel@ENRON.com>
McKinney Hal <Hal.McKinney@ENRON.com>
McLoughlin Hector <Hector.McLoughlin@ENRON.com>
McMahon Jeffrey <Jeffrey.McMahon@ENRON.com>
<MCurry@enron.com>
Mechelle.Atwood@enron.com
Meinel - UBS, Matt; 'matt.meinel@ubsw.com'
> 	"Melanie Gamble" <mmgamble@austin.rr.com>,
Melba <Melba.Lozano@ENRON.com>
Melinda Roberts (E-mail) <cfloors@swbell.net>
Melissa Ann <Melissa.Ann.Murphy@ENRON.com>
Melissa K. <Melissa.K.Ratnala@ENRON.com>
Melissa <Melissa.Murphy@ENRON.com>
Melissa <Melissa_White@ENRON.net>
Melodick Kim <Kim.Melodick@ENRON.com>
Menapace_Frank@tmac.com; houstomj@WellsFargo.COM;
Meredith Kevin <Kevin.Meredith@ENRON.com>
Metoyer Evelyn <Evelyn.Metoyer@ENRON.com>
Meyn Jim <Jim.Meyn@ENRON.com>
mhurt <mhurt@wt.net>
Michael E. <Michael.E.Moscoso@ENRON.com>
Michael Mattox (E-mail) <mjmattox@yahoo.com>
"Michael Mattox" <mjmattox@yahoo.com>@ENRON 
Michael <michael.berger@ENRON.com>
Michael <Michael.Etringer@ENRON.com>
Michael <Michael.Frazier@ENRON.com>
Michael <Michael.Giarratano@ENRON.com>
Michael <Michael.Guerriero@ENRON.com>
Michael <michael.kass@enron.com>
Michael <Michael.Kim@ENRON.com>
Michael <Michael.Marryott@ENRON.com>
Michael <Michael.Mattox@ENRON.com>
Michael <michael.ritacco@ENRON.com>
Michael <Michael.Tully@ENRON.com>
MIchael <Michael.Tully@ENRON.com>
Michael <Mike.Roan@ENRON.com>
Michael M. <Michael.M.Driscoll@ENRON.com>
"Michele Marino" <Ginmarino@aol.com>
> 	"Michele Schaare" <Sheleigh@aol.com>,
> 	"Michele Tolleson" <tmtolleson@cs.com>,
> <michellehigginbotham@hotmail.com>,
> 	"Michelle Majewski" <CMADDICT2000@yahoo.com>,
Michelle <Michelle.Bruce@ENRON.com>
Michelle Phelan <mphelan@houston.rr.com>
michelle.procell@southernenergy.com
Michelle Salazar <michelle.m.salazar@wcom.com>
<michsl@earth McKernan" <VLMcKernan@aol.com>
Mier Michael <Michael.MGM.Mier@ENRON.com>
Mike & Michele Dolezal <mmladolezal@gvec.net>
Mike <Mike.Curry@ENRON.com>
Mike <mike.jordan@enron.com>
Mike <Mike.Perun@ENRON.com>
Mike <Mike.Swerzbin@ENRON.com>
'Mike.Panozzo@ey.com@ENRON'
Mike.Panozzo@ey.com@ENRON 
Miller Don (Asset Mktg) <Don.Miller@ENRON.com>
Miller Jeffrey <Jeffrey.Miller@ENRON.com>
Miller Richard <Richard.Miller@ENRON.com>
Mills <millscorey@hotmail.com>
Mills Scott <Scott.Mills@ENRON.com>
Minal <Minal.Dalia@ENRON.com>
Minas (E-mail) (E-mail) <mattmi@avenuea.com>
Min <Min.Zheng@ENRON.com>
Miralles Al <Al_Miralles@ENRON.net>
Miralles Albert <Al_Miralles@ENRON.net>
Miroballi Angelo <Angelo.Miroballi@ENRON.com>
Misra Narsimha <Narsimha.Misra@ENRON.com>
Misti <Misti.Day@ENRON.com>
Mitchell <obiegear@bestweb.net>
Mitch <Mitch.Robinson@ENRON.com>
'mjmattox@yahoo.com'
mjmattox@yahoo.com
m_kclatt@msn.com
M. <Kevin.M.Presto@ENRON.com>
Mom & Dad <bjhow@flash.net>
"Mom" <wwishez@aol.com>,
monstikalande@yahoo.com
Montovano Steve <Steve.Montovano@ENRON.com>
Moore Janet H. <Janet.H.Moore@ENRON.com>
Moore Jason <Jason.Moore@ENRON.com>
Moore Kathy M. <Kathy.M.Moore@ENRON.com>
Moorer Torrey <Torrey.Moorer@ENRON.com>
Morris Angela <Angela.Morris@ENRON.com>
Moscoso Michael E. <Michael.E.Moscoso@ENRON.com>
Motley Matt <Matt.Motley@ENRON.com>
Moyez <Moyez.Lallani@ENRON.com>
mpchildres@aol.com
mphelan@houston.rr.com
Murilo <Murilo.Hyai@ENRON.com>
Murphy Harlan <Harlan.Murphy@ENRON.com>
Murphy Melissa Ann <Melissa.Ann.Murphy@ENRON.com>
Murphy Melissa <Melissa.Murphy@ENRON.com>
Murphy Ted <ted.murphy@enron.com>
Murray P. <Murray.P.O'Neil@ENRON.com>
my email address is lathamjenny@hotmail.com
my email address is lathamjenny@hotmail.com 
Nancy <Nancy.Hernandez@ENRON.com>
Narsimha <Narsimha.Misra@ENRON.com>
Nat Steve <Steve.Nat@ENRON.com>
Naveed <Naveed.Ahmed@ENRON.com>
Naveen <Naveen.Andrews@ENRON.com>
Navneet <Navneet.Chand@ENRON.com>
Neal <Neal.Symms@ENRON.com>
Neal Scott <Scott.Neal@ENRON.com>
Neil <Neil.Hong@ENRON.com>
Nelson Kourtney <Kourtney.Nelson@ENRON.com>
Nemec Gerald <Gerald.Nemec@ENRON.com>
Nera <Nera.Swisher@ENRON.com>
Nesvadba <dnesvadba@tractebelpowerinc.com>
Nettelton Marcus <Marcus.Nettelton@ENRON.com>
New James <james.new@enron.com>
Nicholas <Nicholas.Warner@ENRON.com>
nicholas.warner@enron.com
Nicholas.Warner@ENRON.com
Nicholas.Warner@ENRON.com >> 
Nick <Nick.Hiemstra@ENRON.com>
Nick <Nick.Paraschos@ENRON.com>
Nissa Mills <nissa_m@hotmail.com>
N. Jessie <N.Jessie.Wang@ENRON.com>
Nommensen Dave <Dave.Nommensen@ENRON.com>
Noor <Noor.Kaissi@ENRON.com>
Nordstrom Mary <Mary.Nordstrom@ENRON.com>
Norman <Norman.Lee@ENRON.com>
Norman <Norman.NCL.Lee@ENRON.com>
O'Brien (E-mail) <dobrien@e2communications.com>
O'day Karen <Karen.O'Day@ENRON.com>
O'Donnell - UBS Pat <Pat.O'Donnell@enron.com>
Oh Jeffrey <Jeffrey.Oh@ENRON.com>
Ola <ola.aminu@enron.com>
Oliver David <david.oliver@enron.com>
O'Neil Murray P. <Murray.P.O'Neil@ENRON.com>
> > > OpsVolt_Track@volt.com
orders@crateandbarrel.com
Orlando <Orlando.Gonzalez@ENRON.com>
Oscar Durham <oscar.durham@brightstar.com>
Otegbola Remi <Remi.Otegbola@ENRON.com>
ozzie.pagan@enron.com
Pacheco Leonardo <Leonardo.Pacheco@ENRON.com>
paige.cox@enron.com
Palma Viviana <Viviana.Palma@ENRON.com>
pamsmith12@yahoo.com
Pan Suixiong <Suixiong.Pan@ENRON.com>
Panus Stephanie <Stephanie.Panus@ENRON.com>
Patel Piyush <Piyush.Patel@ENRON.com>
Patel Virendra <Virendra.Patel@ENRON.com>
Pat Hudgins <phudgins@bitstreet.com>
<Patrick.Canavan@ubsw.com>,
Patrick <Patrick.Frnka@ENRON.com>
& Patti Berry <wtb817@ev1.net>
Patti <Patti.Sullivan@ENRON.com>
Patton David <David.Patton@ENRON.com>
Pauline <Pauline.Reyes@ENRON.com>
Paul <Paul.Choi@ENRON.com>
Paul <Paul.Garcia@ENRON.com>
Paul <Paul_Racicot@ENRON.net>
Paul <Paul.Shoemaker@ENRON.com>
Pearce Barry <Barry_Pearce@enron.net>
pedraz8811@aol.com
"'pedraz8811@aol.com'" <pedraz8811@aol.com>
pedraz8811@aol.com <pedraz8811@aol.com>
<peggy.hedstrom@ubsw.com>
Peggy <Peggy.Hedstrom@ENRON.com>
Pena Matt <Matt.Pena@ENRON.com>
"'PENPAL93@AOL.COM'" <PENPAL93@AOL.COM>
Perchal Cheryl <Cheryl.Perchal@ENRON.com>
<Per.Dyrvik@ubsw.com>
per.dyrvik@ubsw.com, robert.mills@ubsw.com
"Pergher, Gunther" <Gunther.Pergher@dowjones.com> 
Perich Stephen <Stephen.Perich@ENRON.com>
Perlman Beth <Beth.Perlman@ENRON.com>
Perry Todd <Todd.Perry@ENRON.com>
Perryton@aol.com
Perun Mike <Mike.Perun@ENRON.com>
Pete <Pete.Davis@ENRON.com>
Peter <Peter.Prelli@ENRON.com>
Petty <penci@gvec.net>
Phan Thach C. <Thach.C.Phan@ENRON.com>
Philghanson@aol.com
Philip Forester <unchained@prodigy.net>
'phil.j.crosby@accenture.com'
Phillip <Phillip.Platter@ENRON.com>
> 	"Phyllis Gannon" <Snarlqueen@aol.com>,
Pickering Mark <Mark.Pickering@Enron.com>
Pierce Jody <Jody.Pierce@ENRON.com>
Pinion Richard <Richard.Pinion@ENRON.com>
Piper Greg <Greg.Piper@ENRON.com>
Piper, Greg; 'pat.odonnell@ubsw.com'
Pissanetzky Pablo <Pablo.Pissanetzky@ENRON.com>
Piwetz Stephanie <Stephanie.Piwetz@ENRON.com>
Please <IwasaKalen@aol.com>
Poole Julian <Julian.Poole@ENRON.com>
Port David <David.Port@ENRON.com>
Portz David <David.Portz@ENRON.com>
postmaster@ENRON.com
Poston David <David.Poston@ENRON.com>
Powell John D. <John.D.Powell@ENRON.com>
Prejean Frank <Frank.Prejean@ENRON.com>
Prelli Peter <Peter.Prelli@ENRON.com>
Presley Mike E <Mike.E.Presley@ENRON.com>
Presto Kevin M. <Kevin.M.Presto@ENRON.com>
Presto, Kevin M. <Kevin.M.Presto@ENRON.com> 
Price Brent A. <Brent.A.Price@ENRON.com>
Prihoda Warren <Warren.Prihoda@ENRON.com>
Pua Cornelio <Cornelio.Pua@ENRON.com>
Purcell Mike <Mike.Purcell@ENRON.com>
Pushkar <Pushkar.Shahi@ENRON.com>
Pyles (E-mail) <SPYLES99@aol.com>
rachelle.o'connor@reliantenergy.com
Racicot Paul <Paul_Racicot@ENRON.net>
Rafael <Rafael.Rangel@ENRON.com>
Rahil <Rahil.Jafry@ENRON.com>
<rainey01@sprynet.com>
Raj <Raj_Thapar@ENRON.net>
Ramakotti Anand <anand.ramakotti@ENRON.com>
Ramesh Ganapathy <Ganapathy.Ramesh@ENRON.com>
Ramesh <Ramesh.Rao@ENRON.com>
Ramos Salisha <Salisha.Ramos@ENRON.com>
RandalPrice@aol.com
Randy.X.Wilson@dynegy.com
Rangel Rafael <Rafael.Rangel@ENRON.com>
raniacombs@houston.rr.com
Rao Ramesh <Ramesh.Rao@ENRON.com>
Ratnala Melissa K. <Melissa.K.Ratnala@ENRON.com>
Raymond <crileyraymond@hotmail.com>
Raymundo Lung <meeka@mindspring.com>
R. <Debbie.R.Brackett@ENRON.com>
Rear Timothy <timothy.i.rear@enron.com>
Reasoner Monica <Monica.Reasoner@ENRON.com>
Rebecca M. <Rebecca.M.Grace@ENRON.com>
Rebecca <Rebecca.Fite@ENRON.com>
Reeves Kathy <Kathy.Reeves@ENRON.com>
"Reeves, Leslie" <Leslie.Reeves@ENRON.com>,
Reeves Leslie <Leslie.Reeves@ENRON.com>
Regan M. <Regan.M.Smith@ENRON.com>
Rein-Amund <rein-amund.schultz@enron.com>
Renee <Renee.Carter@ENRON.com>
Renee.Weaver1 <Renee.Weaver1@ey.com>
Renneberg Mark <Mark.Renneberg@ENRON.com>
respond to \(E-mail\)" <krafferty@claritas.com>
rfelak <rfelak@rrgscbic.com>
Rhonda L. <Rhonda.Denton@ENRON.com>
Rhonda L. <Rhonda.L.Denton@ENRON.com>
Rhonda <Rhonda.Robinson@ENRON.com>
Ricardo.RamosSeyffert@ey.com, Renee.Weaver1@ey.com
Ricardo <Ricardo.Lisboa@ENRON.com>
richard.connor@enron.com 
Richard Jacqueline <jacqueline.richard@ENRON.com>
Richard <Richard.Causey@ENRON.com>
Richard <Richard.C.McKeel@ENRON.com>
Richard <Richard.Cross@ENRON.com>
Richard <Richard.Crouch@ENRON.com>
Richardson Kevin <Kevin.M.Richardson@ENRON.com>
Richardson Stacey <Stacey.Richardson@ENRON.com>
Richie <jar11074@hotmail.com>
Richter Jeff <Jeff.Richter@ENRON.com>
Rick Morales <r13736@email.mot.com>
Rick <Rick.Buy@ENRON.com>
Rika <Rika.Imai@ENRON.com>
Rimmer Todd <Todd.Rimmer@ENRON.com>
Ritacco Michael <michael.ritacco@ENRON.com>
Rita <Rita.Hennessy@ENRON.com>
Rita <Rita.Wynne@ENRON.com>
Rivera Patricia <Patricia.Rivera@ENRON.com>
rlopes@lehman.com 
Robert Lash <lewis_lash@hotmail.com>
<Robert.Mills@ubsw.com>
Roberto <Roberto.Schloesser@ENRON.com>
Robert <Robert.Badeer@ENRON.com>
Robert <Robert.Benson@ENRON.com>
Robert <Robert.D.Gresch@ENRON.com>
Robert <Robert.Superty@ENRON.com>
Robert <robert.vargas@ENRON.com>
Robert <robert.yeo@enron.com>
Robin <Robin.Rodrigue@ENRON.com>
Robinson Mitch <Mitch.Robinson@ENRON.com>
Robinson Rhonda <Rhonda.Robinson@ENRON.com>
Rode Tina <Tina.Rode@ENRON.com>
Rodney Pedraza <pedraz8811@aol.com>
Rodolfo <Rodolfo.Freyre@ENRON.com>
Rodriguez Bernice <Bernice.Rodriguez@ENRON.com>
Rodriquez Andy <Andy.Rodriquez@ENRON.com>
Rogers Glenn <Glenn.Rogers@ENRON.com>
Rogers <Rogers.Herndon@ENRON.com>
Rohauer Tanya <Tanya.Rohauer@ENRON.com>
Romeo <Romeo.D'Souza@ENRON.com>
Romero Araceli <Araceli.Romero@ENRON.com>
Ron <Ron.Nolte@ENRON.com>
Rorschach Reagan <Reagan.Rorschach@ENRON.com>
rosanna@robertwalters.com
Rosenberg David <David.M.Rosenberg@ENRON.com>
Rosman Stewart <Stewart.Rosman@ENRON.com>
Rossi (E-mail) <greg@nsrjobs.com>
Round Samuel <Sam.Round@ENRON.com>
rshults@houston.rr.com
'russellt@cottonrestorationinc.com'
russellt@cottonrestorationinc.com
russellt@cottonrestorationinc.com >> >
russellt <russellt@cottonrestorationinc.com>
'russelltwhite@cottonrestorationinc.com'
'Russell White <russellt@cottonrestorationinc.com>
Russell White <russellt@cottonrestorationinc.com>
Russ <Russ.Severson@ENRON.com>
Rusty & Terri Mills <terrirusty@the-cia.net>
Ryan Wessels (E-mail) <rewessels@hotmail.com>
Sacks Edward <Edward.Sacks@ENRON.com>
Sager Elizabeth <Elizabeth.Sager@ENRON.com>
Saha Rajib <Rajib.Saha@ENRON.com>
Salisbury Holden <Holden.Salisbury@ENRON.com>
Sally <Sally.Beck@ENRON.com>
samantha.law@enron.com 
Samantha.Law@ENRON.com
Samantha <Samantha.Law@ENRON.com>
Sam <sam.leuschen@ENRON.com>
Sanjay <Sanjay.Gupta@ENRON.com>
Sanjay <Sanjay.Poduval@ENRON.com>
Santa can be reached at secretsanta1971@aol.com.
Sanvido Terry <Terry.Sanvido@ENRON.com>
sap_security@enron.com
Sarah Miller <miller@gvec.net>
Sarah <Sarah.Novosel@ENRON.com>
Sara <Sara.Shackleton@ENRON.com>
sarthur@indigopool.com
schettler_erika <schettler_erika@hotmail.com>
Scheuer Janelle <Janelle.Scheuer@ENRON.com>
Schield Elaine <Elaine.Schield@ENRON.com>
Schmidt Darin <Darin.Schmidt@ENRON.com>
Schmidt Mark <Mark.Schmidt@ENRON.com>
Scholtes Diana <Diana.Scholtes@ENRON.com>
Schoppe Tammie <Tammie.Schoppe@ENRON.com>
'Schueler Kathryn <KSchueler@Central.UH.EDU>
Schueler, Kathryn <KSchueler@Central.UH.EDU>
Schueler <kschueler@boyarmiller.com>
Schueler <Kschueler@boyarmiller.com>
Schueler <kschueler@central.uh.edu>
Scott.Goebel@ci.austin.tx.us
"Scott, Laura" <Laura.E.Scott@ENRON.com>,
Scott Laura <Laura.E.Scott@ENRON.com>
Scott Schmidly (E-mail) <sschmidly@seton.org>
Scott <Scott.Earnest@ENRON.com>
Scott <Scott_Gardner@pgn.com>
Scott <Scott.Mills@ENRON.com>
Scotty <Scotty.Gilbert@ENRON.com>
Scribner James <James.Scribner@ENRON.com>
Scura <gscura@snet.net>
Seib Dianne <Dianne.Seib@ENRON.com>
Semperger Cara <Cara.Semperger@ENRON.com>
Serio Erik <Erik.Serio@ENRON.com>
Setlak (E-mail) <slsetlak@yahoo.com>
Severson Russ <Russ.Severson@ENRON.com>
Sever Stephanie <Stephanie.Sever@ENRON.com>
SFitzgerald <SFitzgerald@jandflaw.com>
Shah Kal <Kal.Shah@ENRON.com>
Shannon Clarkson Home <tsclarkson@ev1.net>
Shannon Clarkson <sclarkson@tractebelpowerinc.com>
Shannon <shannon.gries@mirant.com>
shannon tunnicliff <stunnicliff@msn.com>
Sharen <Sharen.Cason@ENRON.com>
Shari <Shari.Mao@ENRON.com>
Shari Tate <rtate@gvec.net>
Sharma Larrissa <Larrissa.Sharma@ENRON.com>
Sharma Shifali <Shifali.Sharma@ENRON.com>
Sharp8899@aol.com
shauna@manhattanresources.com
Shawn <Shawn.Kilchrist@ENRON.com>
Sheila <Sheila.Glover@ENRON.com>
Sheila <Sheila.Tweed@ENRON.com>
shelia.hughes <shelia.hughes@ey.com>
Shelly <Shelly.Wood@ENRON.com>
shennessy@houston.rr.com]
Shepperd Tammy R. <Tammy.R.Shepperd@ENRON.com>
Sheri <Sheri.Thomas@ENRON.com>
Sherman Cris <Cris.Sherman@ENRON.com>
Shifali <Shifali.Sharma@ENRON.com>
s_hollingsworth@msn.com
Shona <Shona.Wilson@ENRON.com>
shona.wilson@enron.com
Shults Bob <Bob.Shults@ENRON.com>
Siewert Philip <Philip.Siewert@ENRON.com>
Sivakumar <Sivakumar.Govindasamy@ENRON.com>
s.jack.ehrig@arthurandersen.com
Slinger Ryan <Ryan.Slinger@ENRON.com>
sloan_edgmon <sloan_edgmon@hotmail.com>
Sloan Edgmon <sloan_edgmon@hotmail.com>
slogsdon@fulbright.com
Slone Jeanie <Jeanie.Slone@ENRON.com>
smchesebro@msn.com
smchesebro <smchesebro@msn.com>
Smith <brandycherece@hotmail.com>
Smith (E-mail) <jeaninesmith1@attbi.com>
Smith George F. <George.F.Smith@ENRON.com>
Smith L. <Smith.L.Day@ENRON.com>
Smith Regan M. <Regan.M.Smith@ENRON.com>
Smith Will <Will.Smith@ENRON.com>
Snow Karen <Karen.Snow@ENRON.com>
Soares Britaldo <Britaldo.Soares@ENRON.com>
sonia.hennessy@enron.com
sonia.hennessy@ENRON.com
Sonia <sonia.hennessy@ENRON.com>
Sonnier Pamela <Pamela.Sonnier@ENRON.com>
SSears6804@aol.com; dgsnods@hotmail.com;
ssmith7@enron.com
Stacey White (E-mail) <Stacey.W.White@ENRON.com>
Stacey.White@ENRON.com
'stacey.white@enron.com' <stacey.white@enron.com>
Stacey White <stacey.white@ect.enron.com>
Stacey White <stacey.w.white@enron.com>
Stacey White <Stacey.W.White@enron.com>
stacey white <swhite11@houston.rr.com>
Stacey W. <Stacey.White@ENRON.com>
Stacey W. <Stacey.W.White@ENRON.com>
stacey.w.white@enron.com
stacey.w.white@enron.com 
Stacey.W.White@enron.com
Stacey.W.White@enron.com ] 
Stacey.W.White@enron.com]
Stacey.W.White@ENRON.com
Stacey.W.White@ENRON.com >> 
Stacey.W.White <Stacey.W.White@enron.com>
Stacey.W.White@ubswenergy.com] 
Stachey Steve <Steve.Stachey@ENRON.com>
Stadler Gary <Gary_Stadler@ENRON.net>
Staton <tkswm@gvec.net>
Stayton Weldon <staytonweldon@dewittec.net>
St. Clair Carol <Carol.St.Clair@ENRON.com>
Steffes James D. <James.D.Steffes@ENRON.com>
Stephanie.Neumann <Stephanie.Neumann@ey.com>
Stephanie <Stephanie.McGinnis@ENRON.com>
Stephanie <Stephanie.Sever@ENRON.com>
stephen.benton@ubsw.com
Stephens Cynthia <Cynthia.Stephens@ENRON.com>
Stephen <stephen.furter@enron.com>
Stephen <Stephen.Stock@ENRON.com>
Stephen <Stephen.Thome@ENRON.com>
Stephen <Steve_Freshour@ENRON.net>
Steve C. (Legal) <Steve.C.Hall@ENRON.com>
Stevens Martha <Martha.Stevens@ENRON.com>
Steven <Steven.Luong@ENRON.com>
Steve <Stephen.Stock@ENRON.com>
Steve <Steve.Irvin@ENRON.com>
Steve <Steve.Nat@ENRON.com>
Steve <Steve.Stachey@ENRON.com>
Steve <Steve.Venturatos@ENRON.com>
Stewart <jstewart@hctc.net>
Stewart <kathy@keenelawyer.com>
Stewart Kirk <Kirk.Stewart@ENRON.com>
Stewart <Stewart.Rosman@ENRON.com>
Stewart <woodfin@itexas.net>
Stocker Steve <Steve.Stocker@ENRON.com>
Stock Stephen <Stephen.Stock@ENRON.com>
Stock Steve <Stephen.Stock@ENRON.com>
Stokley Chris <Chris.Stokley@ENRON.com>
Stubbs Shelly <Shelly.Stubbs@ENRON.com>
Sturm Fletcher J. <Fletcher.J.Sturm@ENRON.com>
Suarez John <John_Suarez@ENRON.net>
Sue <Sue.Vasan@ENRON.com>
Sullivan Patti <Patti.Sullivan@ENRON.com>
Sundar <Sundar.Chitradurga@ENRON.com>
Superty Robert <Robert.Superty@ENRON.com>
Susan Procell <SUZYPUP2000@aol.com>
> 	"Susan Saldivar" <ssaldivar@houstonrr.com>,
Susan <Susan.Bailey@ENRON.com>
Susan <Susan.D.Trevino@ENRON.com>
Susan <Susan.Elledge@ENRON.com>
Susie <Susie.Ayala@ENRON.com>
> <swagner@empirefundingcorp.com>,
Swain Steve <Stephen.Swain@ENRON.com>
Sweeney Kevin <Kevin.Sweeney@ENRON.com>
Sweet Trudy <Trudy.Sweet@ENRON.com>
Sweitzer Tara <Tara.Sweitzer@ENRON.com>
Swerzbin Mike <Mike.Swerzbin@ENRON.com>
'swhite11@houston.rr.com'
swhite@ect.enron.com
swhite@notes.enron.com
Swinney John <John.Swinney@ENRON.com>
Sylvia Orozco <p53960@email.mot.com>
Symes Kate <Kate.Symes@ENRON.com>
Symms Neal <Neal.Symms@ENRON.com>
Tamara Jae <Tamara.Jae.Black@ENRON.com>
tam.kinn@travelpark.com]
Tamma Ramanarao <Rao.Tamma@ENRON.com>
Tammie <Tammie.Schoppe@ENRON.com>
Tammy Adamson <etlja@gvec.net>
Tammy Lester <tori@gvtc.com>
Tandra <tandra.coleman@ENRON.com>
Tang Mable <Mable.Tang@ENRON.com>
Tantra <Tantra.Invedy@ENRON.com>
Tara <Tara.Piazze@ENRON.com>
Tara <Tara.Sweitzer@ENRON.com>
Tara <Tara.Thistleton@ENRON.com>
tatiana.v.waxler@us.andersen.com
Taylor Dimitri <dimitri.taylor@enron.com>
Taylor Liz <Liz.Taylor@ENRON.com>
Taylor Mark A <Mark.A.Taylor@ENRON.com>
Taylor Mark E (Legal) <Mark.Taylor@ENRON.com>
Taylor Todd <Todd.Taylor@ENRON.com>
TCHAMBERS@kforce.com]
tdroupy@e2communications.com
Ted <ted.murphy@enron.com>
Terry Bolton <tbolton48@hotmail.com>
Terry <Terry.Sanvido@ENRON.com>
Terry W. <Terry.W.Donovan@ENRON.com>
Thach C. <Thach.C.Phan@ENRON.com>
Thambiah Mary <mary.thambiah@enron.com>
Theresa Raulerson <theresa.raulerson@motorola.com>
Theresa T. <Theresa.T.Brogan@ENRON.com>
Theriot Kim S. <Kim.S.Theriot@ENRON.com>
TheTravelTree@aol.com
Thibodeaux Kenneth <Kenneth.Thibodeaux@ENRON.com>
Thomas Jake <Jake.Thomas@ENRON.com>
Thomas Sheri <Sheri.Thomas@ENRON.com>
Thomas <Thomas.Myers@ENRON.com>
Thome Stephen <Stephen.Thome@ENRON.com>
Thompson Kerri <Kerri.Thompson@ENRON.com>
Thresa A. <Thresa.A.Allen@ENRON.com>
Thurbin Simon <simon.thurbin@enron.com>
Tiffany Towns <ttowns@pervasive.com>
"Tijerina, Shirley" <Shirley.Tijerina@ENRON.com>
Tijerina Shirley <Shirley.Tijerina@ENRON.com>
Timothy Justin <justin.timothy@enron.com>
Tim <Tim.Belden@ENRON.com>
Tim <Tim.Carter@ENRON.com>
Tim <Tim.Heizenrader@ENRON.com>
Tina <Tina.Rode@ENRON.com>
Tisdale, Marilyn <Marilyn.Tisdale@ENRON.com>
Todd Koym <toddkoym@home.com>
Todd <Todd.Busby@ENRON.com>
Todd <Todd.Warwick@ENRON.com>
Tom <Tom.Alonso@ENRON.com>
Tom <Tom.Chapman@ENRON.com>
Tom <Tom.Engel@ENRON.com>
Tom <Tom.Victorio@ENRON.com>
Tom Victorio (E-mail) <Tom.Victorio@ENRON.com>
Tonks Colin <Colin.Tonks@ENRON.com>
Towns <Tiffany.Towns@pervasive.com>
tpounds@txu.com; jburt1@txu.com
Tracy Donovan <momdonovan@hotmail.com>
Tracy Dyer <DyerTK@BP.com>
Tracy <Tracy.Greene@ENRON.com>
Trang Le (E-mail) <trangvle@yahoo.com>
Trang <Trang.Le@ENRON.com>
Travis Droupy <tdroupy@e2communications.com>
Trefz Greg <Greg.Trefz@ENRON.com>
Trevino Susan <Susan.D.Trevino@ENRON.com>
Trey King <t.king@kimmon.com>
Tricoli Carl <Carl.Tricoli@ENRON.com>
Tripp Garrett <Garrett.Tripp@ENRON.com>
trudy.sweet@enron.com
Tully Michael <Michael.Tully@ENRON.com>
Tweed Sheila <Sheila.Tweed@ENRON.com>
Tycholiz Barry <Barry.Tycholiz@ENRON.com>
- UBS Pat <Pat.O'Donnell@enron.com>
Ueckert Allen W. <Allen.W.Ueckert@ENRON.com>
underthecs@aol.com
Underwood Thomas <thomas.underwood@ENRON.com>
Vakharia Adarsh <Adarsh.Vakharia@ENRON.com>
Valderrama Larry <Larry.Valderrama@ENRON.com>
Valdes John <John.Valdes@ENRON.com>
Valdez Christina <Christina.Valdez@ENRON.com>
Valerie <Valerie.Ramsower@ENRON.com>
vance.beagles@weil.com
Vanessa <Vanessa.Schulte@ENRON.com>
Van houten Maria <Maria.Van.Houten@ENRON.com>
Vasan Sue <Sue.Vasan@ENRON.com>
V. Charles <V.Charles.Weldon@ENRON.com>
Velasco Jennifer <Jennifer.Velasco@ENRON.com>
Venturatos Steve <Steve.Venturatos@ENRON.com>
Veronica <Veronica.Valdez@ENRON.com>
Victoria <Victoria.Versen@ENRON.com>
Victorio Tom <Tom.Victorio@ENRON.com>
Victor <Victor.Lamadrid@ENRON.com>
Vinson Donald Wayne <DonaldWayne.Vinson@ENRON.com>
Virendra.patel@enron.com
Virendra <Virendra.Patel@ENRON.com>
Virginia <Virginia.Thompson@ENRON.com>
Vito.Sabatelli@ubsw.com]
'Vito.Sabatelli@ubsw.com'; Beck, Sally
vladimir.gorny@enron.com, frank.hayden@enron.com
Vladimir <Vladimir.Gorny@ENRON.com>
vmhonea <vmhonea@hotmail.com>
Vogt <mvogt@architecturalimpact.com>
Volume Mgmt <DL-PortlandVolumeMgmt@ENRON.com>
Vos Theresa <Theresa.Vos@ENRON.com>
W4de723@hotmail.com <W4de723@hotmail.com>;
Wade Wilson (E-mail) <w4de723@hotmail.com>
Wallace Cassi <Cassi.Wallace@ENRON.com>
walsht@nuevoenergy.com
Wanda <Wanda.Curry@ENRON.com>
Wardlaw <cwardlaw@austin.rr.com>
Warner John <John.Warner@ENRON.com>
Warner Nicholas <Nicholas.Warner@ENRON.com>
Warner, Nicholas <Nicholas.Warner@ENRON.com>
Warren <Warren.Prihoda@ENRON.com>
Warrick <warrick.franklin@ENRON.com>
Warwick Todd <Todd.Warwick@ENRON.com>
Wax Brandon <Brandon.Wax@ENRON.com>
Webb Jay <Jay.Webb@ENRON.com>
Wei <Wei.Hu@ENRON.com>
Wei Zhiyong <Zhiyong.Wei@ENRON.com>
Wellings Mike <mike.wellings@enron.com>
wellness@enron.com. 
Wells Andrew <andrew.wells@enron.com>
Wells Rob <Rob.Wells@ENRON.com>
Wes <Wes.Colwell@ENRON.com>
Whalley Greg <Greg.Whalley@ENRON.com>
White <lamar@viccomm.com>
White Stacey W. <Stacey.White@ENRON.com>
"White, Stacey W." <Stacey.W.White@ENRON.com>,
White Stacey W. <Stacey.W.White@ENRON.com>
Whiting Greg <Greg.Whiting@ENRON.com>
Wiggs Brett <Brett.R.Wiggs@ENRON.com>
Wilks Michele <Michele.Wilks@ENRON.com>
"William and Dana Orange" <wdorange@fbcc.com>
William E. <William.E.Kasemervisz@ENRON.com>
Williams III Bill <Bill.Williams.III@ENRON.com>
William S. <William.S.Bradford@ENRON.com>
William <William.Crooks@ENRON.com>
Will Lloyd <Lloyd.Will@ENRON.com>
Will Smith (E-mail) <Will.Smith@ENRON.com>
Will <Will.Smith@ENRON.com>
Wilson Shona <Shona.Wilson@ENRON.com>
Winkler Melinda <Melinda.Winkler@ENRON.com>
"Winn, Melinda" <Melinda.Winn@ENRON.com>
Winston <Winston.Jia@ENRON.com>
Winter Maurice <Maurice.Winter@ENRON.com>
Wissman <ellenw1@attglobal.net>
wjstex@aol.com
Wolfe Stephen <Stephen.Wolfe@ENRON.com>
womack@tigfirstsource.com
Wong Jeremy <Jeremy.Wong@ENRON.com>
Wood George <George.Wood@ENRON.com>
Wood Shelly <Shelly.Wood@ENRON.com>
Woody Stewart <woodfin@itexas.net>
(work) <ADiPanfilo@innotrac.com>
(work) <cmest@retx.com>
W. <Stacey.White@ENRON.com>
W. <Stacey.W.White@ENRON.com>
Wynne Rita <Rita.Wynne@ENRON.com>
Xochitl <Xochitl.Figueroa@ENRON.com>
Yancey Reginald <Reginald.Yancey@ENRON.com>
Yang Zhiyun <Zhiyun.Yang@ENRON.com>
Yeo Robert <robert.yeo@enron.com>
Yeung Charles <Charles_Yeung@ENRON.net>
Yi <Yi.Yan@ENRON.com>
Yoder Christian <Christian.Yoder@ENRON.com>
youngal <youngal@nortel.com>
Zakiyyah <Zakiyyah.McClure@ENRON.com>
Zamora Richard <Richard.Zamora@ENRON.com>
ZAPWORLD.COM <zap@zapworld.com>
zap@zapworld.com
ZAP <zap@zapworld.com>
Zarkowsky Sarah <Sarah.Zarkowsky@ENRON.com>
Zheng Min <Min.Zheng@ENRON.com>
'zhiong.wei@enron.com'; Nat, Steve; Rao, Ramesh
Zhiyong <Zhiyong.Wei@ENRON.com>
Zhiyun <Zhiyun.Yang@ENRON.com>
Zipter Rudi <Rudi.Zipter@Enron.com>
Zufferli John <John.Zufferli@ENRON.com>
